,Cumulative Return,AR (%),AV (%),SR,MDD (%),MSE,MAE,IC,ICIR,DIRECTION ACCURACY,HIT-UP,HIT-DOWN
Trend Following,-5.9,-295.53,23.48,-12.67,,,,,,,,
Event-Driven Trading,-3.19,-157.65,17.92,-8.91,,,,,,,,
Evaluation Metrics,,,,,,2493264683774.4126,1243749.9665260315,-0.09552026447387692,-0.7655758766128943,0.4245810055865922,0.41304347826086957,0.4418604651162791
